VR Aaron,4
SA Abbott,2
MA Agarwal,5
AN Ahmed,4
CJ Anderson,5
Ankit Sharma,2
Anureet Singh,2
S Aravind,1
A Ashish Reddy,4
R Ashwin,4
Azhar Mahmood,2
GJ Bailey,0
R Bhatia,1
STR Binny,2
Bipul Sharma,2
MS Bisla,2
RS Bopara,5
J Botha,4
TA Boult,1
DJ Bravo,5
JJ Bumrah,1
KC Cariappa,1
YS Chahal,2
UBT Chand,5
PP Chawla,2
NM Coulter-Nile,2
PJ Cummins,1
Q de Kock,5
M de Lange,1
AB de Villiers,3
R Dhawan,2
S Dhawan,0
MS Dhoni,0
AB Dinda,1
JP Duminy,3
F du Plessis,0
JP Faulkner,5
AJ Finch,2
G Gambhir,0
CM Gautam,2
CH Gayle,3
S Gopal,2
Gurkeerat Singh,2
Harbhajan Singh,5
BE Hendricks,2
MC Henriques,0
GB Hogg,2
DJ Hooda,5
MEK Hussey,2
Imran Tahir,2
Iqbal Abdulla,2
SS Iyer,3
RA Jadeja,5
KM Jadhav,5
MG Johnson,2
Karanveer Singh,2
KD Karthik,5
SN Khan,5
Z Khan,1
V Kohli,3
DS Kulkarni,1
B Kumar,4
P Kumar,2
MJ McClenaghan,4
BB McCullum,3
NJ Maddinson,2
SL Malinga,2
Mandeep Singh,5
SE Marsh,4
AD Mathews,5
GJ Maxwell,5
DA Miller,0
A Mishra,2
RG More,2
EJG Morgan,5
JA Morkel,5
M Morkel,2
CH Morris,4
DJ Muthuswami,1
S Nadeem,1
KK Nair,5
SP Narine,1
P Negi,5
A Nehra,1
NV Ojha,5
PP Ojha,1
IC Pandey,1
MK Pandey,5
HH Pandya,5
Parvez Rasool,2
AR Patel,5
HV Patel,4
PA Patel,0
YK Pathan,0
NLTC Perera,2
KA Pollard,3
AM Rahane,3
KL Rahul,5
SK Raina,0
AT Rayudu,0
RR Rossouw,4
AD Russell,0
WP Saha,0
DJG Sammy,2
SV Samson,5
Sandeep Sharma,2
GS Sandhu,1
V Sehwag,5
Shakib Al Hasan,4
I Sharma,1
KV Sharma,5
MM Sharma,4
RG Sharma,3
Shivam Sharma,1
LMP Simmons,3
DR Smith,0
SPD Smith,0
TG Southee,4
BB Sran,1
MA Starc,2
DW Steyn,4
J Suchith,4
P Suyal,1
PV Tambe,2
AP Tare,2
RN ten Doeschate,4
R Tewatia,1
SN Thakur,2
J Theron,2
MK Tiwary,2
SS Tiwary,5
JD Unadkat,1
RV Uthappa,0
GH Vihari,2
M Vijay,0
R Vinay Kumar,1
M Vohra,2
DA Warner,3
SR Watson,0
D Wiese,5
KS Williamson,2
J Yadav,1
SA Yadav,5
UT Yadav,4
Yuvraj Singh,0
